Sl_NO,Value-1,Value-2,Operation,Result
1.0,2,5,/,2.5
2.0,100,25,/,0.25
3.0,30,60,/,2.0
4.0,40,50,/,1.25
5.0,70,80,/,1.1428571428571428
6.0,90,100,/,1.1111111111111112
7.0,15,15,/,1.0
8.0,5,11,/,2.2
9.0,5,0,/,0.0
10.0,6,/,,
