value1,value2,result
2,1,2
4,2,2
8,3,2.666666667
16,0,4
32,5,6.4
64,6,10.66666667
128,7,18.28571429
256,8,32
512,9,56.88888889
