,value1,value2,result
0,2,1,2.0
1,4,2,2.0
2,8,3,2.6666666666666665
3,16,0,NaN
4,32,5,6.4
5,64,6,10.666666666666666
6,128,7,18.285714285714285
7,256,8,32.0
8,512,9,56.888888888888886
